{"x": [272609.91000000003, 279109.91, 272811.4909563109, 279109.91, 272959.91, 279109.91, 273005.7581375358, 279159.91, 273040.4632572122, 276659.91, 279259.9099999999, 272774.02115490736, 276709.91, 279509.91, 273213.99949495535, 276709.91, 279469.23396413855, 273359.91, 276209.91, 274909.91, 276609.91, 279412.33826106635, 273759.91, 276309.91, 274359.91, 276683.7580574115, 279359.91, 273905.8141108159, 276409.91, 278063.15367658716, 274045.9834981079, 276509.91, 274102.3312598425, 277929.87021220155, 274257.3506943105, 278409.91, 279059.91, 274365.4794394859, 277059.91, 277909.9099999999, 274309.91, 278365.53555889765, 273909.91, 277059.91, 277859.91, 274585.6923644793, 278609.91000000003, 277909.9099999999, 274704.08370837674, 278691.60260295164, 273759.91000000003, 276509.91, 277795.2946153846, 277659.91, 274809.91, 280793.7492221958, 277747.51643029606, 275573.08054263564, 275059.91, 276609.91, 280259.91, 277109.91, 280731.45048781694, 277759.91, 276158.8382399784, 279859.91, 277709.91, 279909.91, 277209.91, 275317.65256270656, 277909.91, 275959.91, 277459.91, 280609.91, 276009.91, 274409.91, 280859.91, 275459.91, 274438.2976730683, 277609.91, 277009.91, 278259.91, 277160.97134550795, 278469.0304727087, 280459.91, 277309.91, 278672.05963812384, 276259.91000000003, 279159.91, 279259.91, 276059.91, 279259.91, 278409.91, 276210.4616793769, 276409.91, 276959.91, 278162.28569931444, 276209.91, 276748.8430218068, 276959.91, 276517.9154586157, 278959.91, 277109.91, 276409.91, 277209.91, 278006.7276493557, 277809.91, 278271.90514152934, 277509.91, 278390.5507816561, 278609.91, 279959.91, 279509.91, 279177.8442774345, 279159.91, 278999.41299030726, 279759.91, 280159.91000000003, 280409.91, 280695.54623699444], "y": [2706662.747093675, 2706323.4094094927, 2706978.88, 2706386.3776281127, 2707133.5331264264, 2706447.5732619623, 2707278.88, 2706509.1882826304, 2707478.88, 2706317.6166110835, 2706562.7934299777, 2709828.88, 2706417.554868899, 2706571.458825011, 2710178.88, 2706504.662676262, 2706628.88, 2710144.0307869758, 2715437.9904006016, 2714726.6666551502, 2706578.636483705, 2706678.88, 2710698.485297325, 2715368.6713329456, 2715301.0102340393, 2706628.88, 2706731.037666939, 2711428.88, 2715360.235525264, 2706578.88, 2711628.88, 2715370.227228108, 2709378.88, 2706578.88, 2712078.88, 2715761.379276364, 2715874.1148066297, 2709628.88, 2715233.892952125, 2706817.5719037377, 2710608.9831572366, 2715528.88, 2709607.8552929997, 2715394.9730478455, 2706909.4667046205, 2711278.88, 2715146.7893567253, 2706963.2352794223, 2711878.88, 2714978.88, 2708779.6721600653, 2714189.4335950594, 2714678.88, 2707040.3777265167, 2710865.5146078966, 2715578.88, 2715678.88, 2713628.88, 2707135.7611438786, 2712535.201046061, 2715042.287821229, 2707173.0355011956, 2715528.88, 2715773.3863148126, 2712928.88, 2715107.75762059, 2715290.79020197, 2715724.1902700234, 2707295.605343885, 2709478.88, 2713720.2525295787, 2713461.1272230134, 2714484.6410901705, 2715793.7633924694, 2710937.0707496973, 2707084.4387755287, 2714939.127470604, 2710035.008252524, 2706978.88, 2713491.590347297, 2707567.6093992554, 2713062.831360462, 2707678.88, 2713028.88, 2714079.94257379, 2707858.368016882, 2712878.88, 2707814.6233118866, 2713629.9980064807, 2707462.4082606295, 2710140.5524738673, 2713504.7801234145, 2711837.7460276736, 2710328.88, 2710296.047905893, 2708992.7265877044, 2712128.88, 2709222.901931376, 2709778.88, 2709437.1610637084, 2709228.88, 2711190.2137831757, 2710084.9273968567, 2709080.3060683343, 2709821.1294913525, 2709578.88, 2710564.496121337, 2709378.88, 2710287.778423329, 2709078.88, 2709489.5829210184, 2709263.827174069, 2708008.494676457, 2710228.88, 2708404.9493391113, 2709028.88, 2710269.583634669, 2710164.270946502, 2710103.149721059, 2710278.88], "text": ["-2120", "-2110", "-2110", "-2100", "-2100", "-2090", "-2090", "-2080", "-2080", "-2070", "-2070", "-2070", "-2060", "-2060", "-2060", "-2050", "-2050", "-2050", "-2050", "-2050", "-2040", "-2040", "-2040", "-2040", "-2040", "-2030", "-2030", "-2030", "-2030", "-2020", "-2020", "-2020", "-2020", "-2010", "-2010", "-2010", "-2010", "-2010", "-2010", "-2000", "-2000", "-2000", "-2000", "-2000", "-1990", "-1990", "-1990", "-1980", "-1980", "-1980", "-1980", "-1980", "-1980", "-1970", "-1970", "-1970", "-1970", "-1970", "-1970", "-1970", "-1970", "-1960", "-1960", "-1960", "-1960", "-1960", "-1960", "-1960", "-1950", "-1950", "-1950", "-1950", "-1950", "-1950", "-1940", "-1940", "-1940", "-1930", "-1930", "-1930", "-1920", "-1920", "-1910", "-1910", "-1910", "-1900", "-1900", "-1890", "-1890", "-1880", "-1880", "-1880", "-1880", "-1870", "-1860", "-1860", "-1860", "-1850", "-1850", "-1840", "-1840", "-1840", "-1830", "-1830", "-1830", "-1820", "-1820", "-1810", "-1810", "-1800", "-1790", "-1780", "-1780", "-1770", "-1770", "-1770", "-1760", "-1750", "-1740", "-1730"]}