{"x": [6095492.26235498, 6102632.291216985, 6095707.882236809, 6102631.2025270425, 6095868.032323325, 6102630.144452121, 6095915.770790973, 6102683.958057259, 6095950.308230939, 6099943.384793811, 6102792.789785959, 6095616.021220463, 6099996.515347345, 6103067.036611177, 6096092.799770013, 6099994.992894629, 6103021.399825879, 6096253.601967272, 6099289.385853295, 6097874.249420496, 6099883.94357905, 6102958.088181898, 6096682.890838483, 6099400.430220377, 6097260.062296717, 6099964.118204619, 6102899.64228687, 6096830.118627024, 6099510.403387782, 6101478.975173331, 6096980.467433735, 6099620.052743619, 6097082.195444021, 6101332.686566776, 6097204.563120483, 6101699.928910397, 6102411.865257229, 6097366.647627421, 6100226.481086574, 6101306.6288219625, 6097288.299832252, 6101655.244250959, 6096866.905110515, 6100223.657980912, 6101250.151002219, 6097579.224819157, 6101930.285909391, 6101304.09606276, 6097698.601173628, 6102022.925847836, 6096716.923859557, 6099640.792961028, 6101043.808871512, 6101028.352330399, 6097832.699013525, 6104321.262490357, 6100973.867516082, 6098621.893119603, 6098172.919889609, 6099779.631719512, 6103744.216155596, 6100422.353934119, 6104253.701627984, 6100985.827717929, 6099277.423981402, 6103303.781327427, 6100939.347424788, 6103348.027826238, 6100529.977093852, 6098414.5722698765, 6101186.408351989, 6099049.625382729, 6100678.884539821, 6104115.644538097, 6099148.907321434, 6097460.392482542, 6104404.948519231, 6098560.9496222, 6097493.414512211, 6100860.963223577, 6100305.702482863, 6101582.204806469, 6100469.57219224, 6101812.427547078, 6103980.471084592, 6100629.9247286245, 6102037.977645648, 6099478.143436939, 6102560.646826736, 6102777.241419967, 6099217.791924786, 6102672.631641225, 6101768.229018557, 6099379.768222703, 6099599.308991901, 6100225.91807455, 6101491.271314807, 6099398.56720371, 6099980.460981627, 6100218.148563666, 6099736.580937567, 6102383.356030719, 6100371.49755491, 6099620.619539355, 6100485.889913129, 6101364.872471853, 6101131.632314585, 6101659.463450124, 6100807.095681795, 6101794.923258356, 6102028.60316731, 6103514.545251669, 6103042.2244999865, 6102639.287091194, 6102651.171009755, 6102464.183818315, 6103277.61819622, 6103718.58584058, 6103994.106990583, 6104304.676849244], "y": [2809189.589438437, 2808929.745166361, 2809542.104981933, 2808999.242959557, 2809715.449064353, 2809066.7846523565, 2809876.6893360834, 2809135.6587873236, 2810098.0543141905, 2808880.520974166, 2809196.5613673185, 2812687.267457817, 2808991.699323725, 2809210.467064003, 2813081.51673067, 2809087.838827702, 2809273.137815355, 2813045.6535694385, 2818941.707173026, 2818133.0982760284, 2809167.7249734313, 2809327.336075286, 2813664.8945941324, 2818866.921629615, 2818757.5671673752, 2809224.476839283, 2809383.9933019658, 2814473.865851862, 2818859.373291955, 2809193.4650509492, 2814697.1765235486, 2818872.175035547, 2812214.235573232, 2809191.1358701047, 2815197.7802853393, 2819337.5924198898, 2819473.47330372, 2812494.8933923934, 2818731.3161812318, 2809454.2342464384, 2813575.8874131977, 2819080.0396502432, 2812463.572769317, 2818909.2091607824, 2809554.786544872, 2814320.368910002, 2818662.3419290683, 2809615.00695201, 2814984.9125897614, 2818478.33720116, 2811546.6912264344, 2817568.1897689593, 2818131.3237106246, 2809695.777889898, 2813867.988215275, 2819177.577391387, 2819234.855868038, 2816932.6197725995, 2809755.2739138007, 2815743.318580843, 2818575.6998780896, 2809832.557225673, 2819121.2762053497, 2819339.447751086, 2816170.043019498, 2818641.0494996784, 2818805.5906147975, 2819322.7127153296, 2809969.598115695, 2812346.2071209713, 2817074.7271127356, 2816754.2336095828, 2817910.9274341203, 2819411.7145986184, 2813968.2464385987, 2809687.100071567, 2818472.1786681325, 2812962.6521582324, 2809571.0980906975, 2816816.9609715277, 2810266.3156421543, 2816354.9140577815, 2810391.7856510207, 2816321.084562411, 2817516.409854813, 2810592.5159370727, 2816159.0037120027, 2810525.7705254457, 2816996.929531048, 2810189.5100627625, 2813089.7772642444, 2816860.4006113615, 2815004.8441659184, 2813300.343344028, 2813267.6156181395, 2811838.5210935525, 2815321.9599063494, 2812079.4030881105, 2812702.653245573, 2812329.1323998985, 2812091.431258921, 2814299.5126839625, 2813046.866428121, 2811925.518971581, 2812757.401274918, 2812503.9417785774, 2813588.5905726016, 2812287.7932821857, 2813277.833719176, 2811958.692320105, 2812415.904738729, 2812190.1728563854, 2810796.627515507, 2813241.9648641464, 2811228.1664233934, 2811914.1167255547, 2813297.024402766, 2813187.6996065313, 2813124.5532084727, 2813323.503583406], "text": ["-2120", "-2110", "-2110", "-2100", "-2100", "-2090", "-2090", "-2080", "-2080", "-2070", "-2070", "-2070", "-2060", "-2060", "-2060", "-2050", "-2050", "-2050", "-2050", "-2050", "-2040", "-2040", "-2040", "-2040", "-2040", "-2030", "-2030", "-2030", "-2030", "-2020", "-2020", "-2020", "-2020", "-2010", "-2010", "-2010", "-2010", "-2010", "-2010", "-2000", "-2000", "-2000", "-2000", "-2000", "-1990", "-1990", "-1990", "-1980", "-1980", "-1980", "-1980", "-1980", "-1980", "-1970", "-1970", "-1970", "-1970", "-1970", "-1970", "-1970", "-1970", "-1960", "-1960", "-1960", "-1960", "-1960", "-1960", "-1960", "-1950", "-1950", "-1950", "-1950", "-1950", "-1950", "-1940", "-1940", "-1940", "-1930", "-1930", "-1930", "-1920", "-1920", "-1910", "-1910", "-1910", "-1900", "-1900", "-1890", "-1890", "-1880", "-1880", "-1880", "-1880", "-1870", "-1860", "-1860", "-1860", "-1850", "-1850", "-1840", "-1840", "-1840", "-1830", "-1830", "-1830", "-1820", "-1820", "-1810", "-1810", "-1800", "-1790", "-1780", "-1780", "-1770", "-1770", "-1770", "-1760", "-1750", "-1740", "-1730"]}